tech_id,title,summary,disclosed_year,uc_case,fields,patent_status,inventors,url
34770,Discovery of a Novel Tetronate Antibiotic & Production Method,"Newly discovered antibiotic that kills drug-resistant bacteria, with a production method for making variants",2026,2026-818-0,Medical,,"Batool, Zainab; Hai, Yang",https://techtransfer.universityofcalifornia.edu/NCD/34770.html
34769,Aquaporin-Enabled Degraders,"Gene-encoded platform that durably destroys disease-driving proteins, including targets conventional drugs cannot reach",2026,2026-816-0,Medical,Patent Pending,"Mukherjee, Arnab; Wan, Jinyang; Xu, Binzhi",https://techtransfer.universityofcalifornia.edu/NCD/34769.html
34757,"Novel Carbon Dioxide-Free Hydrocarbon Conversion Processes and Reactor Technologies 
for Solid Carbon and Hydrogen Production",Process converting natural gas into hydrogen and solid carbon with no carbon dioxide emissions,2022,2022-984-0,Energy; Materials & Chemicals,Country Type Number Dated Case Patent Cooperation Treaty Reference for National Filings WO 2023/220731 11/16/2023 2022-984   Patent Pending,"McFarland, Eric W.; Qi, Ji",https://techtransfer.universityofcalifornia.edu/NCD/34757.html
34744,Controlled Release of Extracellular Vesicles by Alginate Biomaterials,Injectable alginate gel that holds healing nanovesicles at a site for up to two weeks,2026,2026-807-0,Medical,Patent Pending,"Baude, Jane; Dewey, Marley; Dos Reis Marques, Renata; Stowers, Ryan",https://techtransfer.universityofcalifornia.edu/NCD/34744.html
34743,Matrix-Bound Nanovesicles from In Vitro Cell-Derived Extracellular Matrix Sheets,Method to isolate therapeutic healing nanovesicles from lab-grown stem cell tissue sheets,2026,2026-802-0,Medical,,"Dewey, Marley; Dos Reis Marques, Renata",https://techtransfer.universityofcalifornia.edu/NCD/34743.html
34740,Metal-Elastomer Composite Edge Seal for Vacuum Insulated Glass Windows,Flexible metal-rubber edge seal that makes vacuum-insulated windows cheaper and faster to build,2025,2025-369-0,Materials & Chemicals,Patent Pending,"Begley, Matthew R.; Gianola, Daniel S.; Liao, Bolin; Zhu, Yangying",https://techtransfer.universityofcalifornia.edu/NCD/34740.html
34731,Recombinant Protein Vaccine for Kennel Cough,Recombinant protein vaccine for canine kennel cough needing less frequent dosing than current shots,2026,2026-817-0,Agriculture & Animal Science; Veterinary,Patent Pending,"Costello, Michael; Hayes, Christopher; Low, David A.; Raimondi, Mia",https://techtransfer.universityofcalifornia.edu/NCD/34731.html
34704,Tomographic Methods for Mapping Coastal Ocean Surface Winds from High Frequency Radar,"Maps coastal ocean surface winds in real time using existing shore-based radar, no new hardware",2026,2026-795-0,Environment,,"Emery, Brian M.",https://techtransfer.universityofcalifornia.edu/NCD/34704.html
34685,Closed-Loop Active Calibration for Visual Prostheses,Software that calibrates vision-restoring eye implants far faster across many electrodes,2026,2026-810-0,Medical,Patent Pending,"Beyeler, Michael",https://techtransfer.universityofcalifornia.edu/NCD/34685.html
34672,Radio-Metal Trioxo Complexes for Bioorthogonal Click Cycloaddition in Targeted Radionuclide Therapy and Imaging,Fast click chemistry to attach radioactive metals to cancer-targeting molecules for therapy and imaging,2026,2026-566-0,Biotechnology; Medical,Patent Pending,"Stec, Grant J.; Wilson, Justin J.",https://techtransfer.universityofcalifornia.edu/NCD/34672.html
34617,Polymeric Benzopyrylium Chemistries for Peroxynitrite Detection in Disease,Water-soluble polymer probe that continuously detects oxidative stress markers in diseased tissue,2026,2026-557-0,Materials & Chemicals; Medical,,"Carlini, Andrea S.; Morin, Emile J.",https://techtransfer.universityofcalifornia.edu/NCD/34617.html
34614,Advanced Biocatalytic Methods for the Synthesis of Non-Canonical Amino Acids and Amine Derivatives,"Enzyme-based, two-step green synthesis of specialty amino acids for pharma protein engineering",2025,2025-367-0,Materials & Chemicals,Patent Pending,"Liu, Huichong; Yang, Yang; Zhao, Liu-Peng",https://techtransfer.universityofcalifornia.edu/NCD/34614.html
34602,Epitaxial Light Control Features in Light Emitting Diodes,"Built-in LED light-shaping features that boost brightness without delicate, hard-to-scale fabrication",2022,2022-769-0,Semiconductors,Country Type Number Dated Case United States Of America Published Application 20240405158 12/05/2024 2022-769,"DenBaars, Steven P.; Gandrothula, Srinivas; Nakamura, Shuji",https://techtransfer.universityofcalifornia.edu/NCD/34602.html
34601,High-Efficiency Vertical Cavity Surface Emitting Laser Fabrication,"Simpler way to build efficient, long-lasting VCSEL lasers for VR and AR displays",2022,2022-768-0,Semiconductors,Country Type Number Dated Case United States Of America Published Application 20240413610 12/12/2024 2022-768,"DenBaars, Steven P.; Gandrothula, Srinivas; Nakamura, Shuji",https://techtransfer.universityofcalifornia.edu/NCD/34601.html
34599,Selective Electrochemical Capture and Release of Lithium from Seawater,"Electrochemical method to pull lithium from seawater using only a small current, no acids or membranes",2022,2022-982-0,Energy,Country Type Number Dated Case United States Of America Published Application 20250277321 09/04/2025 2022-982,"Heinrich, Shannon; Menard, Gabriel; Sepunaru, Lior; Wang, Zongheng",https://techtransfer.universityofcalifornia.edu/NCD/34599.html
34559,Methods and Devices for Assessing Equine Bone Strength,Portable handheld tool that accurately measures bone strength in horses in minutes,2011,2011-025-0,Veterinary,"Country Type Number Dated Case United States Of America Issued Patent 9,895,104 02/20/2018 2011-025","Bridges, Daniel C.; Hansma, Paul K.; Randall, Connor J.",https://techtransfer.universityofcalifornia.edu/NCD/34559.html
34555,Picolinate-Based Acyclic Ligand for Rare Earth Extraction and Separation,Eco-friendly chelator that selectively separates and recovers rare earth elements at low cost,2025,2025-383-0,Energy,Patent Pending,"Gao, Yangyang; Wilson, Justin J.",https://techtransfer.universityofcalifornia.edu/NCD/34555.html
34554,Methods to Produce and Recycle Substates for III-Nitride Materials with Electrochemical Etching,"Etching method to make and recycle high-quality, low-defect substrates for LEDs and power chips",2025,2025-357-0,Optics and Photonics,Country Type Number Dated Case Patent Cooperation Treaty Published Application 2023/168139 09/07/2023 2025-357   Additional Patent Pending,"Bi, Hanyu; DenBaars, Steven P.; Iza, Michael; Nakamura, Shuji; Yao, Yifan",https://techtransfer.universityofcalifornia.edu/NCD/34554.html
34553,"A Wafer-Scale, Low Defect Density Strain Relaxed Template for III-Nitride-Based High Efficiency and High-Power Devices","Wafer-scale template that cuts defects, enabling efficient long-wavelength InGaN LEDs and lasers",2024,2024-849-0,Optics and Photonics; Semiconductors,Country Type Number Dated Case Patent Cooperation Treaty Reference for National Filings WO 2025/090893 05/01/2025 2024-849   Patent Pending,"Chang, Hsun-Ming; DenBaars, Steven P.; Gordon, Michael J.; Lim, Norleakvisoth; Nakamura, Shuji; Rienzi, Vincent",https://techtransfer.universityofcalifornia.edu/NCD/34553.html
34533,Two-Step Synthesis Of Properly Protected and Activated Unnatural Amino Acid For Peptide Synthesis,"Two-step chemical route to make unusual amino acids ready for fast, clean peptide synthesis",2025,2025-374-0,Medical,Patent Pending,"Kohnke, Philip; Zhang, Liming",https://techtransfer.universityofcalifornia.edu/NCD/34533.html
34359,Upcycling of Polyolefins in Single-Use Plastics to Carbonyl-Functionalized Waxes,Upcycles single-use plastic waste into useful waxes and lubricants without solvents or catalysts,2022,2022-9,Materials & Chemicals,Patent Pending,"Leonardi, Costanza; Moon, Hyunjin; Scott, Susannah L.",https://techtransfer.universityofcalifornia.edu/NCD/34359.html
34324,Autonomous Monitoring Systems for Aquaculture and Offshore Installations,Autonomous sonar system that monitors offshore seaweed farms and structures underwater in any weather,2025,2025-339-0,Imaging; Sensors & Instrumentation,Patent Pending,"Nidzieko, Nicholas",https://techtransfer.universityofcalifornia.edu/NCD/34324.html
34274,Fluidic Camming for Grasping,Fluid-powered gripper that uses pulling force to grasp heavy or fragile objects and anchor securely,2025,2025-349-0,Engineering,Patent Pending,"Hawkes, Elliot; Seawright, Anders",https://techtransfer.universityofcalifornia.edu/NCD/34274.html
34228,"A Strongly Interacting, Two-Dimensional, Dipolar Spin Ensemble in 111-Oriented Diamond for Quantum Sensing and Simulation",Diamond chip with dense surface spin sensors for higher-sensitivity quantum sensing and simulation,2025,2025-368-0,Semiconductors,Patent Pending,"Hughes, Lillian; Jayich, Ania C.; Meynell, Simon",https://techtransfer.universityofcalifornia.edu/NCD/34228.html
34225,Ultra Memory-Efficient Tensor-Compressed Transformer Training Methods on Edge Devices,Compression method to train large AI models directly on small edge devices with far less memory,2025,2025-347-0,Computer,Patent Pending,"Tian, Jiayi; Zhang, Zheng",https://techtransfer.universityofcalifornia.edu/NCD/34225.html
34205,Multiplexed Entangled Photon Generator Based On Integrated Photonic Microresonator Array,Compact photonic chip generating entangled photon pairs for quantum computing and communication,2024,2024-895-0,Semiconductors,Patent Pending,"Castro, Joshua; Duan, Liao; Moody, Galan; Pintus, Paolo; Steiner, Trevor; Thiel, Lillian H",https://techtransfer.universityofcalifornia.edu/NCD/34205.html
34083,"Photonic Devices For Converting Light Energy Into Mechanical Energy, Forces, and Displacements",Light-driven actuators that produce motion and force without bulky electronics or interference,2024,2024-890-0,Optics and Photonics,Patent Pending,"Linnander, Max; Visell, Yon",https://techtransfer.universityofcalifornia.edu/NCD/34083.html
34068,"A Novel Method for RF Field Programming and Intelligent Surface Design 
Using Diffraction-Inducing Elements",Low-cost surface design that shapes and steers radio signals to boost wireless coverage,2024,2024-861-0,Communications,Country Type Number Dated Case United States Of America Published Application 20250123391 04/17/2025 2024-861   Additional Patents Pending,"Hurst, Winston; Korany, Belal; Mostofi, Yasamin; Pallaprolu, Anurag",https://techtransfer.universityofcalifornia.edu/NCD/34068.html
34054,Generating Massive Synthetic RF Data for RF Sensing Applications,Generates large synthetic radio datasets from video to train RF sensing systems quickly,2025,2025-337-0,Communications,Patent Pending,"Mostofi, Yasamin; Torun, Mert",https://techtransfer.universityofcalifornia.edu/NCD/34054.html
34053,RF Signal-Based Human Context Inference for Health and Safety Monitoring,"Uses everyday WiFi-type signals to monitor body motion for health and safety, no cameras",2025,2025-337-0,Communications,Patent Pending,"Mostofi, Yasamin; Torun, Mert",https://techtransfer.universityofcalifornia.edu/NCD/34053.html
34052,RF Signals for Crowd Analytics and Collective Behavior,Analyzes crowd movement and behavior using existing radio signals while preserving privacy,2025,2025-353-0,Communications,Patent Pending,"Hurst, Winston; Mostofi, Yasamin; Pallaprolu, Anurag",https://techtransfer.universityofcalifornia.edu/NCD/34052.html
34044,Polymer Zwitterionic Liquids for Enhanced Electrochemical Energy Storage,Solid polymer electrolyte that conducts ions well and stays safe across wide temperatures for batteries,2021,2021-875-0,Energy,Country Type Number Dated Case Patent Cooperation Treaty Reference for National Filings WO2022/221307 10/20/2022 2021-875   Patent Pending,"Chen, Yanqiao; Clement, Raphaele; Fredrickson, Glenn H.; Hawker, Craig J.; Jones, Seamus; Richardson, Peter M.; Segalman, Rachel A.",https://techtransfer.universityofcalifornia.edu/NCD/34044.html
34013,Highly Selective Catalyst Composition for Efficient Ethylene Oxide Production,"Catalyst that makes ethylene oxide more selectively, cutting energy use as a drop-in replacement",2022,2022-9,Materials & Chemicals,Patent Pending,"Christopher, Phillip; Jalil, Anika",https://techtransfer.universityofcalifornia.edu/NCD/34013.html
33982,A Method To Lift-Off Nitride Materials With Electrochemical Etch,Electrochemical lift-off method to cleanly remove and transfer LED and transistor films at low cost,2025,2025-344-0,Optics and Photonics,Patent Pending,"Bi, Hanyu; DenBaars, Steven P.; Iza, Michael; Nakamura, Shuji; Yao, Yifan",https://techtransfer.universityofcalifornia.edu/NCD/33982.html
33730,Acquiring Cellular Spatial Information Using Unique Light-Sensitive DNA Barcodes,"Light-activated DNA barcodes that map single cells' positions in tissue, even in live samples",2023,2023-886-0,Medical,Country Type Number Dated Case Patent Cooperation Treaty Published Application 2024/173380 08/22/2024 2023-886   Additional Patent Pending,"Chialastri, Alex; Dey, Siddharth; Piscopio, Robert; Wilson, Maxwell",https://techtransfer.universityofcalifornia.edu/NCD/33730.html
33612,"Robust Localization and Tracking Using GNSS Location Estimates, Satellite SNR Data, and 3D Maps",Improves GPS accuracy in cities and builds 3D urban maps using satellite signal data,2016,2016-776-0,Imaging,"Country Type Number Dated Case United States Of America Issued Patent 10,656,282 05/19/2020 2016-776","Irish, Andrew T.; Isaacs, Jason T.; Madhow, Upamanyu",https://techtransfer.universityofcalifornia.edu/NCD/33612.html
33592,Sensing with RF Signals by Exploiting Diffraction,Images still objects through walls and in darkness using ordinary WiFi-type signals,2024,2024-861-0,Communications,Country Type Number Dated Case United States Of America Published Application 20250123391 04/17/2025 2024-861   Additional Patent Pending,"Korany, Belal; Mostofi, Yasamin; Pallaprolu, Anurag",https://techtransfer.universityofcalifornia.edu/NCD/33592.html
33541,Sn2 Glycosylation Suitable For Automated Glycan Synthesis,Stereoselective glycosylation method enabling automated synthesis of complex sugar molecules,2024,2024-840-0,Biotechnology; Medical,Patent Pending,"Zhang, Liming; Zhang, Qing",https://techtransfer.universityofcalifornia.edu/NCD/33541.html
33515,Compact Module for Complementary-Channel Terahertz Pulse Slicing,Compact module that precisely slices high-power terahertz pulses for spectroscopy and research,2024,2024-858-0,Semiconductors,Country Type Number Dated Case Patent Cooperation Treaty Published Application 2025/198646 09/25/2025 2024-858   Additional Patent Pending,"Agladze, Nikolay; Price, Brad; Sherwin, Mark S.; Sojka, Antonin",https://techtransfer.universityofcalifornia.edu/NCD/33515.html
33417,"Compositions, Systems, and Methods for Stereoselective Decarboxylative Radical Cyclization",Engineered light-driven enzymes that perform precise asymmetric chemical ring-forming reactions,2024,2024-843-0,Biotechnology,Country Type Number Dated Case Patent Cooperation Treaty Published Application WO 2025/076360 04/10/2025 2024-843   Additional Patent Pending,"Ju, Shuyun; Yang, Yang",https://techtransfer.universityofcalifornia.edu/NCD/33417.html
33416,"Systems, Compositions And Methods Of Metalloprotein-Catalyzed Fluorination, Azidation, Thiocyanation and Hydroxylation","Engineered enzymes that add fluorine to molecules, easing synthesis of fluorinated drugs",2024,2024-841-0,Biotechnology,Country Type Number Dated Case Patent Cooperation Treaty Reference for National Filings WO 2025/038761 02/20/2025 2024-841   Patent Pending,"Guo, Rui; Yang, Yang; Zhao, Liu-Peng",https://techtransfer.universityofcalifornia.edu/NCD/33416.html
33415,Enzyme-Controlled Stereoselective Radical Cyclisation to Arenes Enabled by Metalloredox Biocatalysis,Engineered enzymes giving precise control over radical reactions to make valuable chiral compounds,2023,2023-854-0,Biotechnology,Country Type Number Dated Case Patent Cooperation Treaty Reference for National Filings WO 2024/138228 06/27/2024 2023-854   Patent Pending,"Fu, Wenzhen; Neris, Natalia; Yang, Yang; Zhao, Yunlong",https://techtransfer.universityofcalifornia.edu/NCD/33415.html
33414,"Compositions, Systems, and Methods for Stereoselective Synthesis of Non-Canonical Amino Acids",Enzyme-based synthesis of specialty amino acids with excellent stereochemical purity,2023,2023-880-0,Biotechnology,Country Type Number Dated Case Patent Cooperation Treaty Reference for National Filings WO 2024/148312 07/11/2024 2023-880   Patent Pending,"Bo, Zhiyu; Cheng, Lei; Yang, Yang",https://techtransfer.universityofcalifornia.edu/NCD/33414.html
33308,Salt-Rejecting Continuous Passive Solar Thermal Desalination Via Thin-Film Condensation,Passive solar still that continuously desalinates seawater without clogging from salt buildup,2023,2023-889-0,Energy; Environment,Patent Pending,"Babb II, Patrick Ian; Zhu, Yangying",https://techtransfer.universityofcalifornia.edu/NCD/33308.html
33271,On-Chip Microfluidic Dilution Refrigerator for Quantum Devices,"On-chip refrigerator that cools quantum devices, far smaller and cheaper than standard units",2023,2023-871-0,Optics and Photonics; Biotechnology; Energy; Engineering; Imaging; Materials & Chemicals; Nanotechnology; Research Tools,Patent Pending,"Mazin, Ben",https://techtransfer.universityofcalifornia.edu/NCD/33271.html
33249,Double Emulsion Droplets as Osmotic Pressure Sensors in Soft Materials and in Living Biological Cells and Tissues,Emulsion droplets that measure osmotic pressure inside living cells and 3D tissues non-invasively,2023,2023-868-0,Biotechnology; Materials & Chemicals; Medical,Country Type Number Dated Case Patent Cooperation Treaty Reference for National Filings WO 2024/107547 05/23/2024 2023-868   Patent Pending,"Campas, Otger; VIAN, Antoine",https://techtransfer.universityofcalifornia.edu/NCD/33249.html
33248,MR-Based Electrical Property Reconstruction Using Physics-Informed Neural Networks,AI method that reconstructs tissue electrical-property maps from noisy MRI scans for diagnostics,2023,2023-860-0,Computer; Imaging; Medical; Research Tools,Country Type Number Dated Case United States Of America Published Application 20260134976 05/14/2026 2023-860,"Liu, Ziyue; Yu, Xinling; Zhang, Zheng",https://techtransfer.universityofcalifornia.edu/NCD/33248.html
33247,Performance-Boosting Multifunctional Binder for Lithium Ion and Lithium Iron Phosphate Batteries,Multifunctional binder that boosts performance and conductivity in lithium-ion and LFP batteries,2023,2023-848-0,Energy; Materials & Chemicals,Country Type Number Dated Case Patent Cooperation Treaty Reference for National Filings WO2024098067 07/11/2024 2023-848   Patent Pending,"Clement, Raphaele; Le, My Linh T.; Pace, Gordon; Segalman, Rachel A.",https://techtransfer.universityofcalifornia.edu/NCD/33247.html
33229,Efficient and Selective Upcycling of Polyethylene to Alkylbenzenes under Moderate Hydrogen Pressure,Catalytic process converting polyethylene waste into valuable detergent feedstock chemicals,2023,2023-99,Environment; Materials & Chemicals,Patent Pending,"Abu-Omar, Mahdi M.; Lee, Yu-Hsuan; Scott, Susannah L.; Sun, Jiakai",https://techtransfer.universityofcalifornia.edu/NCD/33229.html
33105,III-Nitride-Based Vertical Cavity Surface Emitting Laser (VCSEL) with a Dielectric P-Side Lens,GaN VCSEL laser design with a built-in lens delivering higher power and longer life for visible-light data,2023,2023-847-0,Semiconductors,Country Type Number Dated Case Patent Cooperation Treaty Reference for National Filings WO 2024/044567 02/29/2024 2023-847   Patent Pending,"Cohen, Daniel A.; Gee, Stephen; Kearns, Jared A.; Nakamura, Shuji; Palmquist, Nathan",https://techtransfer.universityofcalifornia.edu/NCD/33105.html
33104,Novel Multilayer Structure for High-Efficiency UV and Far-UV Light-Emitting Devices,Multilayer structure tripling output power of efficient UV LEDs for disinfection and curing,2022,2022-794-0,Semiconductors,Country Type Number Dated Case United States Of America Published Application 20230369538 11/16/2023 2022-794,"Iza, Michael; Nakamura, Shuji; Wang, Michael; Yao, Yifan; Zollner, Christian J.",https://techtransfer.universityofcalifornia.edu/NCD/33104.html
33099,High-Efficiency and High-Power III-Nitride Devices Grown on or Above a Strain Relaxed Template,"Strain-relaxed template enabling efficient, high-power green and long-wavelength InGaN LEDs",2022,2022-775-0,Semiconductors,Country Type Number Dated Case United States Of America Published Application 20250133866 04/24/2025 2022-775   Additional Patent Pending,"Chan, Philip; Chang, Hsun-Ming; Nakamura, Shuji; Rienzi, Vincent",https://techtransfer.universityofcalifornia.edu/NCD/33099.html
32924,Ultra-Compact Non-Volatile Memory Technology with Embedded RRAM,"Ultra-compact, fast, low-power non-volatile memory using RRAM for AI and edge computing",2021,2021-861-0,Computer,Country Type Number Dated Case United States Of America Issued Patent 12363914 07/15/2025 2021-861,"Banerjee, Kaustav; Cao, Wei; Yeh, Chao-Hui",https://techtransfer.universityofcalifornia.edu/NCD/32924.html
32888,"Biocatalytic Asymmetric Synthesis Of Heterocyclic Alpha, Alpha-Disubstituted Amino Acids",Enzymes that build complex ring-containing amino acids for next-generation drug development,2022,2022-990-0,Biotechnology; Medical; Research Tools,Country Type Number Dated Case United States Of America Published Application 20250027123 01/23/2025 2022-990,"Gao, Jinmin; Hai, Yang; Liu, Shaonan",https://techtransfer.universityofcalifornia.edu/NCD/32888.html
32877,Self-Aligned Deposition via Spin Coating without Pretreatment,One-step spin-coating that selectively patterns films on mixed-material chips without pretreatment,2019,2019-964-0,Semiconductors,"Country Type Number Dated Case United States Of America Issued Patent 11,738,366 08/29/2023 2019-964","Bates, Christopher; Zhang, Yuanyi",https://techtransfer.universityofcalifornia.edu/NCD/32877.html
32836,Selective Spin-On Deposition of Polymers,"Spin-on method to selectively deposit polymer films on patterned chip surfaces, cutting steps",2019,2019-152-2,Materials & Chemicals; Semiconductors,"Country Type Number Dated Case United States Of America Issued Patent 11,628,467 04/18/2023 2019-152","Bates, Christopher; Zhang, Yuanyi",https://techtransfer.universityofcalifornia.edu/NCD/32836.html
32795,Self-Anchoring Burrowing Device for Sensor Placement with Low Reaction Force,Self-anchoring burrowing device that places underground sensors without heavy push-down equipment,2022,2022-790-0,Agriculture & Animal Science; Environment; Sensors & Instrumentation; Engineering,"Country Type Number Dated Case United States Of America Issued Patent 12,577,837 03/17/2026 2022-793 Patent Cooperation Treaty Published Application WO 2023/244927 12/21/2023 2022-793   Additional Patent Pending","Hawkes, Elliot; Naclerio, Nicholas D.",https://techtransfer.universityofcalifornia.edu/NCD/32795.html
32665,Engineered Metalloenzymes for Stereocontrolled Atom Transfer Radical Addition,Engineered enzymes that perform precise radical reactions to make chiral pharma and agro compounds,2021,2021-975-0,Agriculture & Animal Science; Biotechnology,Country Type Number Dated Case United States Of America Published Application 20240336943 10/10/2024 2021-975,"Chin, Michael; Yang, Yang; Zhou, Qi",https://techtransfer.universityofcalifornia.edu/NCD/32665.html
32661,Eliminating Misfit Dislocations with In-Situ Compliant Substrate Formation,"Method to eliminate crystal defects in LEDs, widening usable colors and improving performance",2021,2021-889-0,Engineering; Optics and Photonics; Energy; Transportation,Patent Pending,"DenBaars, Steven P.; Nakamura, Shuji",https://techtransfer.universityofcalifornia.edu/NCD/32661.html
32590,Machine Learning-Based Monte Carlo Denoising,Machine-learning denoiser that produces clean rendered images far faster than traditional methods,2015,2015-002-0,Computer; Imaging; Security and Defense; Engineering,"Country Type Number Dated Case United States Of America Issued Patent 10,832,091 11/10/2020 2015-002","Bako, Steve C.; Khademi Kalantari, Nima; Sen, Pradeep",https://techtransfer.universityofcalifornia.edu/NCD/32590.html
32586,Load-Modulation Network for High-Efficiency 5G Power Amplifiers,Single-amplifier design boosting efficiency of 5G millimeter-wave power amplifiers,2021,2021-877-0,Communications; Engineering,Country Type Number Dated Case United States Of America Published Application 20230353105 11/02/2023 2021-877,"Buckwalter, James F.; Hill, Cameron",https://techtransfer.universityofcalifornia.edu/NCD/32586.html
32583,Magneto-Optic Modulator,"Magnetic optical modulator enabling low-cost, efficient signal modulation for communications",2020,2020-701-0,Communications; Optics and Photonics; Semiconductors; Sensors & Instrumentation,Country Type Number Dated Case United States Of America Published Application 20240329439 10/03/2024 2020-701 Patent Cooperation Treaty Published Application 2023/004112 01/26/2023 2020-701,"Bowers, John E.; Pintus, Paolo",https://techtransfer.universityofcalifornia.edu/NCD/32583.html
32550,Suppression of Proteotoxicity for the Treatment of Neurodegenerative Diseases,"Suppresses protein-misfolding cell death, a therapeutic approach for retinal and neurodegenerative disease",2022,2022-758-0,Biotechnology; Medical,Country Type Number Dated Case United States Of America Published Application 20250000945 01/02/2025 2022-758,"Acosta Alvear, Diego F.; Guo, Xiaoran; Montell, Denise",https://techtransfer.universityofcalifornia.edu/NCD/32550.html
32493,Molten Salt Chemical Looping Process for Efficient Chlorine Production from HCl,Molten-salt looping process that efficiently converts waste HCl into valuable chlorine,2019,2019-967-0,Materials & Chemicals,Patent Pending,"McFarland, Eric W.; Su, Shizhao; Tangeysh, Behzad",https://techtransfer.universityofcalifornia.edu/NCD/32493.html
32445,A Robust Human Stem Cell Based System For Anatomically Correct Neural Tube Morphogenesis,"Stem cell system that grows reproducible, anatomically correct neural tube tissue for research",2021,2021-883-0,Biotechnology; Materials & Chemicals; Medical; Research Tools,Country Type Number Dated Case United States Of America Published Application 20240287430 08/29/2024 2021-883,"Karzbrun, Eyal; Streichan, Sebastian",https://techtransfer.universityofcalifornia.edu/NCD/32445.html
32332,New Class of Bitter Taste Receptor in Mammals,Newly identified mammalian bitter taste receptor for screening flavor and palatability modulators,2021,2021-874-0,Biotechnology,Country Type Number Dated Case United States Of America Published Application 20240142474 05/02/2024 2021-874,"Chandel, Avinash; Montell, Craig; Zhan, Yinpeng",https://techtransfer.universityofcalifornia.edu/NCD/32332.html
32316,"Highly Efficient SN2 Glycosylation for Stereoselective 1,2-cis Glycosidic Bond Synthesis",Glycosylation method that reliably builds hard-to-make sugar bonds for any sugar type,2021,2021-867-0,Biotechnology; Medical,Country Type Number Dated Case United States Of America Published Application 20240132530 04/25/2024 2021-867,"Ma, Xu; Zhang, Liming; Zheng, Zhitong",https://techtransfer.universityofcalifornia.edu/NCD/32316.html
32306,Strategy To Deliver Objects Suspended In Liquid To Hidden Targets,Strategy to deliver suspended particles efficiently to hidden targets in porous materials,2021,2021-553-0,Energy; Materials & Chemicals; Medical,Country Type Number Dated Case United States Of America Published Application 20230285973 09/14/2023 2021-553,"Squires, Todd; Tan, Huanshu",https://techtransfer.universityofcalifornia.edu/NCD/32306.html
32271,Nitride Based Ultraviolet LED with an Ultraviolet Transparent Contact,UV LED with a transparent electrical contact that boosts light output and broadens applications,2021,2021-567-0,Energy; Semiconductors,Country Type Number Dated Case United States Of America Published Application 20230420617 12/28/2023 2021-567,"DenBaars, Steven P.; Iza, Michael; Nakamura, Shuji; Wong, Matthew S.",https://techtransfer.universityofcalifornia.edu/NCD/32271.html
32270,Activation of P-Type Layers of Tunnel Junctions in Micro-LEDs,"Method to activate tunnel-junction layers in micro-LEDs, lowering voltage and improving displays",2021,2021-551-0,Energy; Semiconductors,Country Type Number Dated Case United States Of America Published Application 20230307579 09/28/2023 2021-551,"DenBaars, Steven P.; Li, Hongjian; Li, Panpan; Nakamura, Shuji",https://techtransfer.universityofcalifornia.edu/NCD/32270.html
32263,Vapor-Mediated Synthesis of Silicon Carbide Matrices for Ceramic Matrix Composites,Vapor-based process that makes dense silicon carbide composites faster with fewer defects,2020,2020-721-0,Materials & Chemicals,Country Type Number Dated Case Patent Cooperation Treaty Reference for National Filings WO2022150184. 10/20/2022 2020-721   Patent Pending,"Levi, Carlos G.; Silverstein, Ravit; Zok, Frank",https://techtransfer.universityofcalifornia.edu/NCD/32263.html
32205,Catalytic Upcycling Of Hydrocarbon Polymers To High Value Unsaturated Compounds,Catalytic process upcycling waste plastic into high-value chemicals at moderate temperatures,2020,2020-072-0,Materials & Chemicals,Country Type Number Dated Case United States Of America Published Application 20230279194 09/07/2023 2020-072,"Abu-Omar, Mahdi M.; Scott, Susannah L.; Zeng, Manhao; Zhang, Fan",https://techtransfer.universityofcalifornia.edu/NCD/32205.html
32176,Monolithically Integrated Laser-Nonlinear Photonic Devices,"Single chip integrating a laser with nonlinear photonics, cutting size, cost, and power",2020,2020-057-0,Optics and Photonics,Country Type Number Dated Case United States Of America Published Application 20220121084 04/21/2022 2020-057,"Bowers, John E.; Chang, Lin",https://techtransfer.universityofcalifornia.edu/NCD/32176.html
31997,Integrated Soft Optoelectronics for Wearable Health Monitoring,Stretchable soft optoelectronic skin patches for conformable wearable health monitoring,2020,2020-712-0,Optics and Photonics; Medical; Sensors & Instrumentation,Country Type Number Dated Case United States Of America Published Application 20230155090 05/18/2023 2020-712,"Biswas, Shantonu; Visell, Yon",https://techtransfer.universityofcalifornia.edu/NCD/31997.html
31933,Everting Pre-Shaped Soft Device for Access during Medical Interventions,Soft everting device that gently extends to reach surgical sites with low friction and tissue risk,2020,2020-061-0,Medical,Country Type Number Dated Case United States Of America Published Application 20240008939 01/11/2024 2020-061,"Hawkes, Elliot; Morimoto, Tania",https://techtransfer.universityofcalifornia.edu/NCD/31933.html
31922,Improved Dynamic Range in RF Communication Over Optical Fiber,Improves dynamic range of radio-over-fiber links for 5G millimeter-wave wireless infrastructure,2019,2019-172-0,Communications,"Country Type Number Dated Case United States Of America Issued Patent 11,914,263 02/27/2024 2019-172","Buckwalter, James F.; Helkey, Roger J.; Hosseinzadeh, Navid; Jain, Aditya",https://techtransfer.universityofcalifornia.edu/NCD/31922.html
31884,III-N Based Material Structures and Circuit Modules Based on Strain Management,"Strain-engineered III-nitride structure quadrupling hole mobility, enabling GaN CMOS chips",2017,2017-99,Optics and Photonics; Semiconductors,"Country Type Number Dated Case United States Of America Issued Patent 12,230,678 02/18/2025 2017-99F","Ahmadi, Elaheh; Gupta, Chirag; Keller, Stacia; Mishra, Umesh K.; Tsukada, Yusuke",https://techtransfer.universityofcalifornia.edu/NCD/31884.html
31857,III-Nitride Based VCSEL with Curved Mirror on P-Side of the Aperture,Curved-mirror VCSEL design that cuts diffraction loss for longer life and better reliability,2019,2019-934-0,Optics and Photonics,Country Type Number Dated Case United States Of America Published Application 20220239068 07/28/2022 2019-934,"Back, Joonho; Cohen, Daniel A.; Kearns, Jared A.; Nakamura, Shuji",https://techtransfer.universityofcalifornia.edu/NCD/31857.html
31802,Method For The Removal Of Devices Using The Trench,"Trench-based method to remove and recycle costly GaN substrates, cutting LED fabrication costs",2019,2019-398-0,Optics and Photonics; Energy; Semiconductors,"Country Type Number Dated Case United States Of America Issued Patent 12,051,765 07/30/2024 2019-398","Gandrothula, Srinivas; Kamikawa, Takeshi",https://techtransfer.universityofcalifornia.edu/NCD/31802.html
31762,III-Nitride Tunnel Junction LED with High Wall Plug Efficiency,Tunnel-junction LED reaching over 70% efficiency without transparent oxides or mirrors,2017,2017-131-0,Energy; Semiconductors,"Country Type Number Dated Case United States Of America Issued Patent 11,164,997 11/02/2021 2017-131","DenBaars, Steven P.; Nakamura, Shuji; Speck, James S.; Yonkee, Benjamin P.; Young, Erin C.",https://techtransfer.universityofcalifornia.edu/NCD/31762.html
31747,Halide-Free Gas Phase Methanol Carbonylation for Environmentally Friendly Acetic Acid Production,Cleaner gas-phase acetic acid production that eliminates water and corrosive halides,2020,2020-074-0,Materials & Chemicals,"Country Type Number Dated Case United States Of America Issued Patent 12,083,504 09/10/2024 2020-074","Christopher, Phillip; Qi, Ji",https://techtransfer.universityofcalifornia.edu/NCD/31747.html
30589,Low-Power Digital Switching Technique to Eliminate RF Interference,Low-power digital switching technique that removes RF interference in software-defined radios,2019,2019-429-0,Communications; Computer; Semiconductors,Country Type Number Dated Case United States Of America Issued Patent 12425108 09/23/2025 2019-429,,https://techtransfer.universityofcalifornia.edu/NCD/30589.html
30588,Local Oscillator Modulation for Non-Contiguous Carrier Aggregation,Receiver design enabling efficient 5G carrier aggregation with lower power and smaller size,2019,2019-428-0,Communications; Computer; Semiconductors,"Country Type Number Dated Case United States Of America Issued Patent 12,267,094 04/01/2025 2019-428",,https://techtransfer.universityofcalifornia.edu/NCD/30588.html
30303,A Sustainable Alternative Route to Produce Methyl Methacrylate,Engineered yeast that sustainably produces plastic precursor MMA from glucose with high yields,2015,2015-334-0,Materials & Chemicals; Sensors & Instrumentation; Engineering,"Country Type Number Dated Case United States Of America Issued Patent 10,676,766 06/09/2020 2015-334","O'Malley, Michelle A.; Solomon, Kevin V.",https://techtransfer.universityofcalifornia.edu/NCD/30303.html
30302,Iii-N Transistor With Stepped Cap Layers,III-nitride transistor design with higher breakdown voltage and gain for power electronics,2019,2019-418-0,Energy; Materials & Chemicals; Semiconductors,"Country Type Number Dated Case United States Of America Issued Patent 11,594,625 02/28/2023 2019-418","Guidry, Matthew; Keller, Stacia; Mishra, Umesh K.; Romanczyk, Brian R.; Zheng, Xun",https://techtransfer.universityofcalifornia.edu/NCD/30302.html
30044,Bonding of Heterogeneous Material for Improved Yield and Performance of Photonic Integrated Circuits,Heterogeneous bonding method improving yield and performance of photonic integrated circuits,2014,2014-312-0,Optics and Photonics; Materials & Chemicals; Nanotechnology; Semiconductors,"Country Type Number Dated Case United States Of America Issued Patent 9,360,623 06/07/2016 2014-312","Bovington, Jock T.; Bowers, John E.",https://techtransfer.universityofcalifornia.edu/NCD/30044.html
29968,Soft Burrowing Robot for Simple & Non-Invasive Subterranean Locomotion,"Soft robot that burrows through sand and soil like a plant root, cheaply and non-invasively",2019,2019-158-0,Materials & Chemicals; Nanotechnology; Semiconductors; Sensors & Instrumentation; Medical; Engineering,"Country Type Number Dated Case United States Of America Issued Patent 11,633,849 04/25/2023 2019-158 Patent Cooperation Treaty Published Application WO 2020/060858 03/26/2020 2019-158","Hawkes, Elliot; Naclerio, Nicholas D.",https://techtransfer.universityofcalifornia.edu/NCD/29968.html
29876,Improved Reliability & Enhanced Performance of III-Nitride Tunnel Junction Optoelectronic Devices,Structure improving performance and reliability of III-nitride tunnel-junction LEDs and lasers,2018,2018-260-0,Optics and Photonics; Energy; Engineering,"Country Type Number Dated Case United States Of America Issued Patent 12,471,410 11/11/2025 2018-260 United States Of America Issued Patent 11,158,760 10/26/2021 2018-260","Alhassan, Abdullah; DenBaars, Steven P.",https://techtransfer.universityofcalifornia.edu/NCD/29876.html
29495,Strategy for Detecting Residual Host Cell Proteins Using Aptamers,Aptamer-based method to detect residual host cell proteins in biopharmaceutical products,2014,2014-310-0,Biotechnology; Medical,"Country Type Number Dated Case United States Of America Issued Patent 11,007,849 05/18/2021 2014-310","Csordas, Andrew; Soh, Hyongsok T.; Walker, Faye",https://techtransfer.universityofcalifornia.edu/NCD/29495.html
29481,Misfit Dislocation Free Quantum Dot Lasers,"Quantum dot lasers grown on silicon free of defects, giving much longer lifetime and reliability",2018,2018-608-0,Optics and Photonics; Materials & Chemicals,"Country Type Number Dated Case United States Of America Issued Patent 12,355,213 07/08/2025 2018-608 United States Of America Issued Patent 11,693,178 07/04/2023 2018-609 United States Of America Issued Patent 11,435,524 09/06/2022 2018-609 United States Of America Issued Patent 10,761,266 09/01/2020 2016-912","Bowers, John E.; Gossard, Arthur C.; Jung, Daehwan; Mukherjee, Kunal; Norman, Justin; Selvidge, Jennifer",https://techtransfer.universityofcalifornia.edu/NCD/29481.html
29480,Quantum Dot Photonic Integrated Circuits,"Silicon-based quantum dot photonic circuits integrating lasers, modulators, and detectors",2018,2018-609-0,Materials & Chemicals,"Country Type Number Dated Case United States Of America Issued Patent 12,355,213 07/08/2025 2018-608 United States Of America Issued Patent 11,693,178 07/04/2023 2018-609 United States Of America Issued Patent 11,435,524 09/06/2022 2018-609 United States Of America Issued Patent 10,761,266 09/01/2020 2016-912","Bowers, John E.; Gossard, Arthur C.; Jung, Daehwan; Norman, Justin; Shang, Chen; Wan, Yating",https://techtransfer.universityofcalifornia.edu/NCD/29480.html
29210,Vertical Cavity Surface-Emitting Lasers with Continuous Wave Operation,III-nitride VCSEL with continuous-wave operation and fully polarized emission,2018,2018-250-0,Communications; Energy; Imaging,"Country Type Number Dated Case United States Of America Issued Patent 11,532,922 12/20/2022 2018-250","DenBaars, Steven P.; Forman, Charles A.; Kearns, Jared A.; Lee, SeungGeun; Nakamura, Shuji; Speck, James S.; Young, Erin C.",https://techtransfer.universityofcalifornia.edu/NCD/29210.html
29148,Algorithm for Diabetes Management and Control,Algorithm for automated insulin dosing that improves glucose control in type 1 diabetes,2016,2016-315-0,Medical,"Country Type Number Dated Case United States Of America Issued Patent 10,878,964 12/29/2020 2016-315",,https://techtransfer.universityofcalifornia.edu/NCD/29148.html
28868,Reconfigurable Physically Unclonable Function (PUF) Based Security,Reconfigurable hardware security primitive resisting physical and machine-learning attacks,2018,2018-088-0,Computer; Security and Defense; Semiconductors,"Country Type Number Dated Case United States Of America Issued Patent 10,812,084 10/20/2020 2018-088","Ahmadabadi, Hussein Nili; Fahimi, Zahra; Mahmoodi, Mohammad Reza; Strukov, Dmitri B.",https://techtransfer.universityofcalifornia.edu/NCD/28868.html
28855,Diels-Alder Chemistry for Bioconjugation and Incorporation into Non-Natural Amino Acids,"Faster, safer chemistry to attach drugs to antibodies using off-the-shelf components",2017,2017-467-0,Materials & Chemicals; Medical; Nanotechnology,Country Type Number Dated Case United States Of America Issued Patent 11759526 09/19/2023 2017-467 United States Of America Published Application 20230321267 10/12/2023 2017-467,"Read de Alaniz, Javier; St Amant, Andre",https://techtransfer.universityofcalifornia.edu/NCD/28855.html
28737,Drift-Free and Calibration-Free Measurement of Analytes,Electrochemical biosensors that work without calibration and resist drift in complex fluids,2017,2017-607-0,Biotechnology; Medical,"Country Type Number Dated Case United States Of America Issued Patent 11,946,098 04/02/2024 2017-607","Dauphin Ducharme, Philippe; Li, Hui; Ortega Quintanilla, Gabriel; Plaxco, Kevin W.",https://techtransfer.universityofcalifornia.edu/NCD/28737.html
27642,"Drift-Free, Self-Calibrated Interrogation Method For Electrochemical Sensors Based On Electron Transfer Kinetics","Self-calibrating interrogation method for electrochemical sensors, removing prior calibration",2017,2017-248-0,Biotechnology; Sensors & Instrumentation,"Country Type Number Dated Case United States Of America Issued Patent 12,257,050 03/25/2025 2017-248 United States Of America Published Application 20250235130 07/24/2025 2017-248","Arroyo, Netz; Plaxco, Kevin W.",https://techtransfer.universityofcalifornia.edu/NCD/27642.html
27609,Highly Stretchable & Flexible Electronic Sensors,"Highly stretchable, durable electronic sensors made cheaply from twisted conductive microtubes",2017,2017-470-0,Environment; Engineering,"Country Type Number Dated Case United States Of America Issued Patent 10,908,038 02/02/2021 2017-470","Nho, Do Thanh; Visell, Yon",https://techtransfer.universityofcalifornia.edu/NCD/27609.html
27592,A Cavity-Free Self-Referencing Frequency Comb,Compact cavity-free frequency comb for stable optical atomic clocks and chemical spectrometers,2017,2017-604-0,Optics and Photonics; Nanotechnology; Security and Defense,"Country Type Number Dated Case United States Of America Issued Patent 10,490,974 11/26/2019 2017-604","Banks, Hunter; Sherwin, Mark S.; Valovcin, Darren",https://techtransfer.universityofcalifornia.edu/NCD/27592.html
27416,Multiple Nanoemulsions and Complex Nanoparticles for Encapsulation and Release,"Method to mass-produce stable nanoscale double emulsions for drug, food, and cosmetic delivery",2017,2017-473-0,Nanotechnology,"Country Type Number Dated Case United States Of America Issued Patent 11,254,773 02/22/2022 2017-473 Patent Cooperation Treaty Published Application WO 2018/209293 04/04/2019 2017-473","Helgeson, Matthew E.; Malo de Molina, Paula; Mitragotri, Samir S.; Nowak, Maksymilian; Zhang, Mengwen",https://techtransfer.universityofcalifornia.edu/NCD/27416.html
27412,Tunnel Junction Devices with Optically-Pumped III-Nitride Layers,Optically pumped tunnel-junction design easing long-wavelength emission in semiconductor LEDs,2016,2016-324-0,Optics and Photonics; Semiconductors,"Country Type Number Dated Case United States Of America Issued Patent 11,411,137 08/09/2022 2016-324",,https://techtransfer.universityofcalifornia.edu/NCD/27412.html
27402,A Structure For Increasing Mobility In A High-Electron-Mobility Transistor,Transistor structure boosting electron mobility for high-frequency power devices,2017,2017-462-0,Nanotechnology; Semiconductors,"Country Type Number Dated Case United States Of America Issued Patent 11,101,379 08/24/2021 2017-462","Ahmadi, Elaheh; Guidry, Matthew; Keller, Stacia; Li, Haoran; Mishra, Umesh K.; Romanczyk, Brian R.; Wienecke, Steven; Zheng, Xun",https://techtransfer.universityofcalifornia.edu/NCD/27402.html
27237,Orthogonal Mode Laser Gyro,Compact ring laser gyroscope that senses small rotations without frequency lock-up,2016,2016-772-0,Optics and Photonics; Sensors & Instrumentation; Transportation; Engineering,"Country Type Number Dated Case United States Of America Issued Patent 10,180,325 01/15/2019 2016-772","Bowers, John E.; Helkey, Roger J.; Komljenovic, Tin",https://techtransfer.universityofcalifornia.edu/NCD/27237.html
27119,Epitaxial Laser Integration on Silicon Based Substrates,"Low-cost, scalable method to integrate compound-semiconductor lasers onto silicon photonics",2016,2016-912-0,Optics and Photonics; Communications; Semiconductors,"Country Type Number Dated Case United States Of America Issued Patent 10,761,266 09/01/2020 2016-912","Bowers, John E.; Gossard, Arthur C.; Liu, Alan Y.; Norman, Justin",https://techtransfer.universityofcalifornia.edu/NCD/27119.html
27069,"Dual-Labeled E-AB Platform for Continuous, Real-Time Monitoring of Small Molecules",Dual-reporter sensor correcting drift to continuously monitor small molecules in whole blood,2016,2016-99,Biotechnology; Medical,"Country Type Number Dated Case United States Of America Issued Patent 11,202,587 12/21/2021 2016-99M","Arroyo, Netz; Kang, Di; Li, Hui; Plaxco, Kevin W.; Ricci, Francesco",https://techtransfer.universityofcalifornia.edu/NCD/27069.html
26025,Stand-Alone Ceramic Phosphor Composites for Laser-Excited Solid-State White Lighting,"Standalone ceramic phosphor for laser white lighting that runs cooler, brighter, and cheaper",2016,2016-99,Energy; Engineering,"Country Type Number Dated Case United States Of America Issued Patent 11,286,419 03/29/2022 2016-99P","Cozzan, Clayton J.; Seshadri, Ram",https://techtransfer.universityofcalifornia.edu/NCD/26025.html
25991,Integrated Reconfigurable Circulator,Reconfigurable integrated optical circulator that can be reversed and built with lasers on-chip,2016,2016-319-0,Energy; Engineering; Materials & Chemicals,"Country Type Number Dated Case United States Of America Issued Patent 11,016,317 05/25/2021 2016-319","Bowers, John E.; Huang, Duanni; Pintus, Paolo",https://techtransfer.universityofcalifornia.edu/NCD/25991.html
25741,Enhanced Light Extraction LED with a Tunnel Junction Contact Wafer Bonded to a Conductive Oxide,Tunnel-junction LED bonded to conductive oxide for greater light extraction efficiency,2016,2016-324-0,Energy; Engineering; Semiconductors,"Country Type Number Dated Case United States Of America Issued Patent 11,411,137 08/09/2022 2016-324","DenBaars, Steven P.; Mughal, Asad J.; Speck, James S.; Young, Erin C.",https://techtransfer.universityofcalifornia.edu/NCD/25741.html
25740,III-Nitride Tunnel Junction with Modified Interface,"III-nitride tunnel junction enabling lower-voltage, simpler LEDs without oxides or silver mirrors",2016,2016-245-0,Energy; Engineering; Semiconductors,"Country Type Number Dated Case United States Of America Issued Patent 10,685,835 06/16/2020 2016-245","DenBaars, Steven P.; Leonard, John T.; Margalith, Tal; Nakamura, Shuji; Speck, James S.; Yonkee, Benjamin P.; Young, Erin C.",https://techtransfer.universityofcalifornia.edu/NCD/25740.html
25085,High-Intensity Solid State White Laser Diode,Blue laser plus phosphor producing high-intensity white light from fewer diodes,2015,2015-204-0,Energy,"Country Type Number Dated Case United States Of America Issued Patent 10,495,268 12/03/2019 2015-204","Cantore, Michael S.; DenBaars, Steven P.; Nakamura, Shuji",https://techtransfer.universityofcalifornia.edu/NCD/25085.html
24994,Zwitterionic Nano-Adhesives for Improved Wet-Adhesion,Ultra-thin zwitterionic adhesive giving record-strong bonding underwater on many surfaces,2015,2015-581-0,Materials & Chemicals,"Country Type Number Dated Case United States Of America Issued Patent 12,415,939 09/16/2025 2015-581","Ahn, Byung Jun K.; Waite, J Herbert",https://techtransfer.universityofcalifornia.edu/NCD/24994.html
24982,Polymer-Drug Conjugates for the Co-delivery of Synergistic Chemotherapy Drugs,Polymer-drug conjugate that co-delivers two chemo drugs for a synergistic anticancer effect,2015,2015-339-0,Medical,"Country Type Number Dated Case United States Of America Issued Patent 12,076,409 09/03/2024 2015-339 United States Of America Issued Patent 11,197,932 12/14/2021 2015-339 United States Of America Issued Patent 10,653,789 05/19/2020 2015-339","Camacho, Kathryn M.; Kumar, Sunny; Menegatti, Stefano; Mitragotri, Samir S.",https://techtransfer.universityofcalifornia.edu/NCD/24982.html
24937,Devices and Methods for 3D Printing of Highly Ordered Composite Materials,3D printing method that precisely orders particles in composites for tunable strength and conductivity,2015,2015-433-0,Materials & Chemicals,"Country Type Number Dated Case United States Of America Issued Patent 11,806,929 11/07/2023 2015-433 United States Of America Issued Patent 11,548,222 01/10/2023 2015-433","Begley, Matthew R.; Collino, Rachel; Ray, Tyler",https://techtransfer.universityofcalifornia.edu/NCD/24937.html
24867,Novel Processing Method for Group III-V Semiconductor Surfaces,Surface treatment for III-V semiconductors yielding high capacitance and low leakage,2014,2014-816-0,Semiconductors,"Country Type Number Dated Case United States Of America Issued Patent 9,190,266 11/17/2015 2014-816","Chobpattana, Varistha; Stemmer, Susanne",https://techtransfer.universityofcalifornia.edu/NCD/24867.html
24820,GaN-based Vertical Metal Oxide Semiconductor and Junction Field Effect Transistors,"First true vertical GaN transistors enabling smaller, cheaper power chips",2014,2014-718-0,Energy; Materials & Chemicals; Semiconductors,"Country Type Number Dated Case United States Of America Issued Patent 10,312,361 06/04/2019 2014-718","Keller, Stacia; Mishra, Umesh K.",https://techtransfer.universityofcalifornia.edu/NCD/24820.html
24766,Ferrofluid Droplets to Locally Measure the Mechanics of Soft Materials,Ferrofluid droplet technique measuring local mechanical properties inside living tissues,2015,2015-300-0,Imaging; Medical; Research Tools; Sensors & Instrumentation,"Country Type Number Dated Case United States Of America Issued Patent 10,149,630 12/11/2018 2015-300","Campas, Otger; Serwane, Friedhelm",https://techtransfer.universityofcalifornia.edu/NCD/24766.html
24757,Identifying Motifs Using Next-Generation Sequencing Experiments,Software (IMUNE) that rapidly finds biological sequence motifs in next-gen sequencing data,2015,2015-335-0,Biotechnology; Computer,,"Daugherty, Patrick S.; Pantazes, Robert J.",https://techtransfer.universityofcalifornia.edu/NCD/24757.html
24373,Multi-Junction Artificial Photosynthetic Cell With Enhanced Photovoltages,Multi-junction artificial photosynthesis cell producing solar fuels while resisting corrosion,2014,2014-724-0,Energy,"Country Type Number Dated Case United States Of America Issued Patent 10,100,415 10/16/2018 2014-724","Jawahar Hussaini, Syed Mubeen; Lee, Joun; McFarland, Eric W.; Moskovits, Martin",https://techtransfer.universityofcalifornia.edu/NCD/24373.html
24050,"Thermally Stable, Laser-Driven White Lighting Device",Laser-driven white light source staying efficient and color-stable at high temperatures,2013,2013-951-0,Energy,"Country Type Number Dated Case United States Of America Issued Patent 9,927,076 03/27/2018 2013-951 United States Of America Issued Patent 9,574,728 02/21/2017 2013-951","DenBaars, Steven P.; McCurdy, Kristin AD.; Seshadri, Ram",https://techtransfer.universityofcalifornia.edu/NCD/24050.html
23389,Mussel-Inspired Underwater Adhesives/Coatings From Renewable Resources,Mussel-inspired underwater adhesive made from affordable renewable resources,2013,2013-562-0,Materials & Chemicals,"Country Type Number Dated Case United States Of America Issued Patent 10,280,342 05/07/2019 2013-562","Ahn, Byung Jun K.; Hawker, Craig J.; Heo, Jinhwa; Kang, Taegon; Waite, J Herbert",https://techtransfer.universityofcalifornia.edu/NCD/23389.html
23146,"(In,Ga,Al)N Optoelectronic Devices with Thicker Active Layers for Improved Performance",InGaAlN device design with thicker high-indium active layers for better optoelectronic performance,2013,2013-329-0,Energy; Semiconductors,"Country Type Number Dated Case United States Of America Issued Patent 9,076,927 07/07/2015 2013-329","DenBaars, Steven P.; Keller, Stacia; Mishra, Umesh K.; Neufeld, Carl J.",https://techtransfer.universityofcalifornia.edu/NCD/23146.html
22906,Integrated Dielectric Waveguide and Semiconductor Layer,"Integrates ultra-low-loss waveguides with silicon photonics, raising bandwidth and cutting cost",2013,2013-142-0,Optics and Photonics; Semiconductors,"Country Type Number Dated Case United States Of America Issued Patent 9,285,540 03/15/2016 2013-142","Bauters, Jared; Blumenthal, Daniel J.; Bovington, Jock T.; Bowers, John E.; Davenport, Michael; Heck, Martijn",https://techtransfer.universityofcalifornia.edu/NCD/22906.html
22863,Sub-volt Electro-optic Modulator with 100 GHz Bandwidth,Electro-optic modulator with 100 GHz bandwidth driven directly by chips using far less power,2013,2013-171-0,Optics and Photonics; Communications; Semiconductors,"Country Type Number Dated Case United States Of America Issued Patent 10,197,884 02/05/2019 2013-171 United States Of America Issued Patent 9,733,543 08/15/2017 2013-171 United States Of America Issued Patent 9,470,952 10/18/2016 2013-171","Dagli, Nadir",https://techtransfer.universityofcalifornia.edu/NCD/22863.html
22854,An Improved Method of Deep Brain Stimulation for the Treatment of Parkinson's Disease,Improved deep brain stimulation for Parkinson's that extends battery life and reduces side effects,2013,2013-179-0,Medical,"Country Type Number Dated Case United States Of America Issued Patent 9,352,155 05/31/2016 2013-179","Moehlis, Jeff; Wilson, Daniel",https://techtransfer.universityofcalifornia.edu/NCD/22854.html
